/ /introduction 301
/docs /introduction 301
/docs/ /introduction 301
/docs/authorization/api-resources/spring /authorization/global-api-resources 301
/docs/authorization/api-resources/spring/ /authorization/global-api-resources 301
/docs/concepts/sign-in-experience /concepts/sign-in-experience 301
/docs/concepts/sign-in-experience/ /concepts/sign-in-experience 301
/docs/get-started /introduction 301
/docs/get-started/ /introduction 301
/docs/get-started/welcome /introduction/set-up-logto-cloud 301
/docs/get-started/welcome/ /introduction/set-up-logto-cloud 301
/docs/recipes/configure-connectors /connectors 301
/docs/recipes/configure-connectors/ /connectors 301
/docs/recipes/configure-connectors/create-your-connector /logto-oss/develop-your-connector 301
/docs/recipes/configure-connectors/create-your-connector/ /logto-oss/develop-your-connector 301
/docs/recipes/configure-connectors/create-your-connector/connector-file-structure /logto-oss/develop-your-connector/connector-file-structure 301
/docs/recipes/configure-connectors/create-your-connector/connector-file-structure/ /logto-oss/develop-your-connector/connector-file-structure 301
/docs/recipes/configure-connectors/create-your-connector/connector-implementation-guide /logto-oss/develop-your-connector/implement-connectors 301
/docs/recipes/configure-connectors/create-your-connector/connector-implementation-guide/ /logto-oss/develop-your-connector/implement-connectors 301
/docs/recipes/configure-connectors/email-connector /connectors/email-connectors 301
/docs/recipes/configure-connectors/email-connector/ /connectors/email-connectors 301
/docs/recipes/configure-connectors/email-connector/configure-logto-email-service /connectors/email-connectors/built-in-email-service 301
/docs/recipes/configure-connectors/email-connector/configure-logto-email-service/ /connectors/email-connectors/built-in-email-service 301
/docs/recipes/configure-connectors/email-connector/configure-popular-email-service /connectors/email-connectors#popular-email-providers 301
/docs/recipes/configure-connectors/email-connector/configure-popular-email-service/ /connectors/email-connectors#popular-email-providers 301
/docs/recipes/configure-connectors/email-connector/enable-email-sign-in /connectors/email-connectors#enable-email-sign-up-or-sign-in 301
/docs/recipes/configure-connectors/email-connector/enable-email-sign-in/ /connectors/email-connectors#enable-email-sign-up-or-sign-in 301
/docs/recipes/configure-connectors/sms-connector /connectors/sms-connectors 301
/docs/recipes/configure-connectors/sms-connector/ /connectors/sms-connectors 301
/docs/recipes/configure-connectors/sms-connector/configure-sms-connector /connectors/sms-connectors#configuration-steps 301
/docs/recipes/configure-connectors/sms-connector/configure-sms-connector/ /connectors/sms-connectors#configuration-steps 301
/docs/recipes/configure-connectors/sms-connector/enable-SMS-sign-in /connectors/sms-connectors#enable-phone-number-sign-up-or-sign-in 301
/docs/recipes/configure-connectors/sms-connector/enable-SMS-sign-in/ /connectors/sms-connectors#enable-phone-number-sign-up-or-sign-in 301
/docs/recipes/configure-connectors/social-connector /connectors/social-connectors 301
/docs/recipes/configure-connectors/social-connector/ /connectors/social-connectors 301
/docs/recipes/configure-connectors/configure-social-connector /connectors/social-connectors 301
/docs/recipes/configure-connectors/configure-social-connector/ /connectors/social-connectors 301
/docs/recipes/configure-connectors/social-connector/configure-popular-social-connector /connectors/social-connectors#popular-social-connectors 301
/docs/recipes/configure-connectors/social-connector/configure-popular-social-connector/ /connectors/social-connectors#popular-social-connectors 301
/docs/recipes/configure-connectors/social-connector/custom-social-connector-with-standard-protocols /connectors/social-connectors#customize-your-social-connectors 301
/docs/recipes/configure-connectors/social-connector/custom-social-connector-with-standard-protocols/ /connectors/social-connectors#customize-your-social-connectors 301
/docs/recipes/configure-connectors/social-connector/enable-google-one-tap /end-user-flows/sign-up-and-sign-in/social-sign-in#google-one-tap 301
/docs/recipes/configure-connectors/social-connector/enable-google-one-tap/ /end-user-flows/sign-up-and-sign-in/social-sign-in#google-one-tap 301
/docs/recipes/configure-connectors/social-connector/enable-social-sign-in /connectors/social-connectors#enable-social-sign-in 301
/docs/recipes/configure-connectors/social-connector/enable-social-sign-in/ /connectors/social-connectors#enable-social-sign-in 301
/docs/recipes/configure-storage-providers /logto-oss/file-storage-provider 301
/docs/recipes/configure-storage-providers/ /logto-oss/file-storage-provider 301
/docs/recipes/custom-domain /logto-cloud/custom-domain 301
/docs/recipes/custom-domain/ /logto-cloud/custom-domain 301
/docs/recipes/custom-domain/configure-custom-domain-in-console /logto-cloud/custom-domain#configure-custom-domain-in-console 301
/docs/recipes/custom-domain/configure-custom-domain-in-console/ /logto-cloud/custom-domain#configure-custom-domain-in-console 301
/docs/recipes/custom-domain/use-custom-domain /logto-cloud/custom-domain#use-custom-domain 301
/docs/recipes/custom-domain/use-custom-domain/ /logto-cloud/custom-domain#use-custom-domain 301
/docs/recipes/custom-jwt /developers/custom-token-claims 301
/docs/recipes/custom-jwt/ /developers/custom-token-claims 301
/docs/recipes/customize-sie /end-user-flows 301
/docs/recipes/customize-sie/ /end-user-flows 301
/docs/recipes/customize-sie/bring-your-ui /customization/bring-your-ui 301
/docs/recipes/customize-sie/bring-your-ui/ /customization/bring-your-ui 301
/docs/recipes/customize-sie/check-out-the-live-preview /customization/live-preview 301
/docs/recipes/customize-sie/check-out-the-live-preview/ /customization/live-preview 301
/docs/recipes/customize-sie/configure-sign-in-methods /end-user-flows/sign-up-and-sign-in 301
/docs/recipes/customize-sie/configure-sign-in-methods/ /end-user-flows/sign-up-and-sign-in 301
/docs/recipes/customize-sie/custom-css /customization/custom-css 301
/docs/recipes/customize-sie/custom-css/ /customization/custom-css 301
/docs/recipes/customize-sie/localized-language /customization/localized-languages 301
/docs/recipes/customize-sie/localized-language/ /customization/localized-languages 301
/docs/recipes/customize-sie/match-your-brand /customization/match-your-brand 301
/docs/recipes/customize-sie/match-your-brand/ /customization/match-your-brand 301
/docs/recipes/customize-sie/set-you-terms /end-user-flows/sign-up-and-sign-in/terms-and-privacy 301
/docs/recipes/customize-sie/set-you-terms/ /end-user-flows/sign-up-and-sign-in/terms-and-privacy 301
/docs/recipes/deployment /logto-oss/deployment-and-configuration 301
/docs/recipes/deployment/ /logto-oss/deployment-and-configuration 301
/docs/recipes/enable-central-cache /logto-oss/central-cache 301
/docs/recipes/enable-central-cache/ /logto-oss/central-cache 301
/docs/recipes/impersonation /developers/user-impersonation 301
/docs/recipes/impersonation/ /developers/user-impersonation 301
/docs/recipes/inspect-audit-logs /developers/audit-logs 301
/docs/recipes/inspect-audit-logs/ /developers/audit-logs 301
/docs/recipes/integrate-logto /integrate-logto/integrate-logto-into-your-application 301
/docs/recipes/integrate-logto/ /integrate-logto/integrate-logto-into-your-application 301
/docs/recipes/integrate-logto/machine-to-machine /quick-starts/m2m 301
/docs/recipes/integrate-logto/machine-to-machine/ /quick-starts/m2m 301
/docs/recipes/integrate-logto/react /quick-starts/react 301
/docs/recipes/integrate-logto/react/ /quick-starts/react 301
/docs/recipes/interact-with-account-api /end-user-flows/account-settings/by-account-api 301
/docs/recipes/interact-with-account-api/ /end-user-flows/account-settings/by-account-api 301
/docs/recipes/interact-with-management-api /integrate-logto/interact-with-management-api 301
/docs/recipes/interact-with-management-api/ /integrate-logto/interact-with-management-api 301
/docs/recipes/logto-as-idp /integrate-logto/third-party-applications 301
/docs/recipes/logto-as-idp/ /integrate-logto/third-party-applications 301
/docs/recipes/logto-as-idp/branding-customization /integrate-logto/third-party-applications/consent-screen-branding 301
/docs/recipes/logto-as-idp/branding-customization/ /integrate-logto/third-party-applications/consent-screen-branding 301
/docs/recipes/logto-as-idp/configure-3rd-party-app-in-console /integrate-logto/third-party-applications 301
/docs/recipes/logto-as-idp/configure-3rd-party-app-in-console/ /integrate-logto/third-party-applications 301
/docs/recipes/logto-as-idp/permissions-management /integrate-logto/third-party-applications/permission-management 301
/docs/recipes/logto-as-idp/permissions-management/ /integrate-logto/third-party-applications/permission-management 301

/integrate-logto/third-party-applications/oidc-oauth-third-party-applications/consent-screen-branding /integrate-logto/third-party-applications/consent-screen-branding 301
/integrate-logto/third-party-applications/oidc-oauth-third-party-applications/consent-screen-branding/ /integrate-logto/third-party-applications/consent-screen-branding 301
/integrate-logto/third-party-applications/oidc-oauth-third-party-applications /integrate-logto/third-party-applications 301
/integrate-logto/third-party-applications/oidc-oauth-third-party-applications/ /integrate-logto/third-party-applications 301
/integrate-logto/third-party-applications/oidc-oauth-third-party-applications/permission-management /integrate-logto/third-party-applications/permission-management 301
/integrate-logto/third-party-applications/oidc-oauth-third-party-applications/permission-management/ /integrate-logto/third-party-applications/permission-management 301

/docs/recipes/manage-users /user-management 301
/docs/recipes/manage-users/ /user-management 301
/docs/recipes/manage-users/admin-console /user-management/manage-users#manage-via-logto-console 301
/docs/recipes/manage-users/admin-console/ /user-management/manage-users#manage-via-logto-console 301
/docs/recipes/manage-users/advanced-user-search /user-management/advanced-user-search 301
/docs/recipes/manage-users/advanced-user-search/ /user-management/advanced-user-search 301
/docs/recipes/manage-users/management-api /user-management/manage-users#manage-via-logto-management-api
/docs/recipes/manage-users/management-api/ /user-management/manage-users#manage-via-logto-management-api
/docs/recipes/manage-users/management-api/personal-access-token /user-management/personal-access-token 301
/docs/recipes/manage-users/management-api/personal-access-token/ /user-management/personal-access-token 301
/docs/recipes/manage-users/personal-access-token /user-management/personal-access-token 301
/docs/recipes/manage-users/personal-access-token/ /user-management/personal-access-token 301
/docs/recipes/manage-users/management-api/personal-access-token /user-management/personal-access-token 301
/docs/recipes/manage-users/management-api/personal-access-token/ /user-management/personal-access-token 301
/docs/recipes/migrations /user-management/user-migration 301
/docs/recipes/migrations/ /user-management/user-migration 301
/docs/recipes/multi-factor-auth /end-user-flows/mfa 301
/docs/recipes/multi-factor-auth/ /end-user-flows/mfa 301
/docs/recipes/multi-factor-auth/authenticator-app-otp /end-user-flows/mfa/authenticator-app-otp 301
/docs/recipes/multi-factor-auth/authenticator-app-otp/ /end-user-flows/mfa/authenticator-app-otp 301
/docs/recipes/multi-factor-auth/backup-code /end-user-flows/mfa/backup-codes 301
/docs/recipes/multi-factor-auth/backup-code/ /end-user-flows/mfa/backup-codes 301
/docs/recipes/multi-factor-auth/backup-codes /end-user-flows/mfa/backup-codes 301
/docs/recipes/multi-factor-auth/backup-codes/ /end-user-flows/mfa/backup-codes 301
/docs/recipes/multi-factor-auth/config-mfa /end-user-flows/mfa/configure-mfa 301
/docs/recipes/multi-factor-auth/config-mfa/ /end-user-flows/mfa/configure-mfa 301
/docs/recipes/multi-factor-auth/configure-mfa /end-user-flows/mfa/configure-mfa 301
/docs/recipes/multi-factor-auth/configure-mfa/ /end-user-flows/mfa/configure-mfa 301
/docs/recipes/multi-factor-auth/webauthn /end-user-flows/mfa/webauthn 301
/docs/recipes/multi-factor-auth/webauthn/ /end-user-flows/mfa/webauthn 301
/docs/recipes/openid-connect /end-user-flows/sign-up-and-sign-in 301
/docs/recipes/openid-connect/ /end-user-flows/sign-up-and-sign-in 301
/docs/recipes/openid-connect/authentication-parameters /end-user-flows/authentication-parameters 301
/docs/recipes/openid-connect/authentication-parameters/ /end-user-flows/authentication-parameters 301
/docs/recipes/openid-connect/backchannel-logout /end-user-flows/sign-out#federated-sign-out-back-channel-logout 301
/docs/recipes/openid-connect/backchannel-logout/ /end-user-flows/sign-out#federated-sign-out-back-channel-logout 301
/docs/recipes/openid-connect/introspect-tokens /concepts/opaque-token 301
/docs/recipes/openid-connect/introspect-tokens/ /concepts/opaque-token 301
/docs/recipes/openid-connect/signing-keys-rotation /developers/signing-keys 301
/docs/recipes/openid-connect/signing-keys-rotation/ /developers/signing-keys 301
/docs/recipes/organizations /organizations 301
/docs/recipes/organizations/ /organizations 301
/docs/recipes/organizations/configuration /authorization/organization-template 301
/docs/recipes/organizations/configuration/ /authorization/organization-template 301
/docs/recipes/organizations/impact-on-end-users /end-user-flows/organization-experience 301
/docs/recipes/organizations/impact-on-end-users/ /end-user-flows/organization-experience 301
/docs/recipes/organizations/integration /authorization/organization-template 301
/docs/recipes/organizations/integration/ /authorization/organization-template 301
/docs/recipes/organizations/just-in-time-provisioning /organizations/just-in-time-provisioning 301
/docs/recipes/organizations/just-in-time-provisioning/ /organizations/just-in-time-provisioning 301
/docs/recipes/organizations/organization-invitations /end-user-flows/organization-experience/invite-organization-members 301
/docs/recipes/organizations/organization-invitations/ /end-user-flows/organization-experience/invite-organization-members 301
/docs/recipes/organizations/understand-how-it-works /organizations/understand-how-organizations-work 301
/docs/recipes/organizations/understand-how-it-works/ /organizations/understand-how-organizations-work 301
/docs/recipes/protect-your-api /authorization/global-api-resources 301
/docs/recipes/protect-your-api/ /authorization/global-api-resources 301
/docs/recipes/protect-your-api/node /authorization/global-api-resources 301
/docs/recipes/protect-your-api/node/ /authorization/global-api-resources 301
/docs/recipes/protect-your-api/python /authorization/global-api-resources 301
/docs/recipes/protect-your-api/python/ /authorization/global-api-resources 301
/docs/recipes/protect-your-api/spring-boot /authorization/global-api-resources 301
/docs/recipes/protect-your-api/spring-boot/ /authorization/global-api-resources 301
/docs/recipes/protected-app /integrate-logto/protected-app 301
/docs/recipes/protected-app/ /integrate-logto/protected-app 301
/docs/recipes/rbac /authorization/role-based-access-control 301
/docs/recipes/rbac/ /authorization/role-based-access-control 301
/docs/recipes/rbac/manage-permissions-and-roles /authorization/role-based-access-control 301
/docs/recipes/rbac/manage-permissions-and-roles/ /authorization/role-based-access-control 301
/docs/recipes/rbac/protect-resource /authorization/role-based-access-control 301
/docs/recipes/rbac/protect-resource/ /authorization/role-based-access-control 301
/docs/recipes/signing-keys-rotation /developers/signing-keys 301
/docs/recipes/signing-keys-rotation/ /developers/signing-keys 301
/docs/recipes/single-sign-on /end-user-flows/enterprise-sso 301
/docs/recipes/single-sign-on/ /end-user-flows/enterprise-sso 301
/docs/recipes/single-sign-on/configure-sso /end-user-flows/enterprise-sso/sp-initiated-sso#set-up-sp-initiated-sso 301
/docs/recipes/single-sign-on/configure-sso/ /end-user-flows/enterprise-sso/sp-initiated-sso#set-up-sp-initiated-sso 301
/docs/recipes/single-sign-on/configure-sso/azure-ad /integrations/entra-id-saml 301
/docs/recipes/single-sign-on/configure-sso/azure-ad/ /integrations/entra-id-saml 301
/docs/recipes/single-sign-on/configure-sso/entra-id-oidc /integrations/entra-id-oidc 301
/docs/recipes/single-sign-on/configure-sso/entra-id-oidc/ /integrations/entra-id-oidc 301
/docs/recipes/single-sign-on/configure-sso/google-workspace /integrations/google-workspace 301
/docs/recipes/single-sign-on/configure-sso/google-workspace/ /integrations/google-workspace 301
/docs/recipes/single-sign-on/configure-sso/oidc /integrations/oidc-sso 301
/docs/recipes/single-sign-on/configure-sso/oidc/ /integrations/oidc-sso 301
/docs/recipes/single-sign-on/configure-sso/okta /integrations/okta 301
/docs/recipes/single-sign-on/configure-sso/okta/ /integrations/okta 301
/docs/recipes/single-sign-on/configure-sso/saml /integrations/saml-sso 301
/docs/recipes/single-sign-on/configure-sso/saml/ /integrations/saml-sso 301
/docs/recipes/single-sign-on/end-user-sso-experience /end-user-flows/enterprise-sso/sp-initiated-sso#sp-initiated-sso-experience 301
/docs/recipes/single-sign-on/end-user-sso-experience/ /end-user-flows/enterprise-sso/sp-initiated-sso#sp-initiated-sso-experience 301
/docs/recipes/single-sign-on/idp-initiated-sso /end-user-flows/enterprise-sso/idp-initiated-sso 301
/docs/recipes/single-sign-on/idp-initiated-sso/ /end-user-flows/enterprise-sso/idp-initiated-sso 301
/docs/recipes/tenant-type /logto-cloud/tenant-settings/#tenant-types-dev-vs-prod 301
/docs/recipes/tenant-type/ /logto-cloud/tenant-settings/#tenant-types-dev-vs-prod 301
/docs/recipes/user-profile /end-user-flows/account-settings 301
/docs/recipes/user-profile/ /end-user-flows/account-settings 301
/docs/recipes/webhooks /developers/webhooks 301
/docs/recipes/webhooks/ /developers/webhooks 301
/docs/recipes/webhooks/configure-webhooks-in-console /developers/webhooks/configure-webhooks 301
/docs/recipes/webhooks/configure-webhooks-in-console/ /developers/webhooks/configure-webhooks 301
/docs/recipes/webhooks/management-api /developers/webhooks/configure-webhooks 301
/docs/recipes/webhooks/management-api/ /developers/webhooks/configure-webhooks 301
/docs/recipes/webhooks/securing-your-webhooks /developers/webhooks/secure-webhooks 301
/docs/recipes/webhooks/securing-your-webhooks/ /developers/webhooks/secure-webhooks 301
/docs/recipes/webhooks/webhook-events /developers/webhooks/webhooks-events 301
/docs/recipes/webhooks/webhook-events/ /developers/webhooks/webhooks-events 301
/docs/recipes/webhooks/webhook-request /developers/webhooks/webhooks-request 301
/docs/recipes/webhooks/webhook-request/ /developers/webhooks/webhooks-request 301
/docs/references/applications /integrate-logto/application-data-structure 301
/docs/references/applications/ /integrate-logto/application-data-structure 301
/docs/references/connectors /connectors/connector-data-structure 301
/docs/references/connectors/ /connectors/connector-data-structure 301
/docs/references/core /concepts/core-service 301
/docs/references/core/ /concepts/core-service 301
/docs/references/core/configuration /concepts/core-service/configuration 301
/docs/references/core/configuration/ /concepts/core-service/configuration 301
/docs/references/openid-connect /end-user-flows/sign-up-and-sign-in 301
/docs/references/openid-connect/ /end-user-flows/sign-up-and-sign-in 301
/docs/references/openid-connect/authentication-parameters /end-user-flows/authentication-parameters 301
/docs/references/openid-connect/authentication-parameters/ /end-user-flows/authentication-parameters 301
/docs/references/openid-connect/backchannel-logout /end-user-flows/sign-out#federated-sign-out-back-channel-logout 301
/docs/references/openid-connect/backchannel-logout/ /end-user-flows/sign-out#federated-sign-out-back-channel-logout 301
/docs/references/openid-connect/introspect-tokens /concepts/opaque-token
/docs/references/openid-connect/introspect-tokens/ /concepts/opaque-token
/docs/references/openid-connect/signing-keys-rotation /developers/signing-keys 301
/docs/references/openid-connect/signing-keys-rotation/ /developers/signing-keys 301
/docs/references/resources /authorization/global-api-resources 301
/docs/references/resources/ /authorization/global-api-resources 301
/docs/references/sdk-convention /developers/sdk-conventions 301
/docs/references/sdk-convention/ /developers/sdk-conventions 301
/docs/references/sdk-convention/core-sdk-convention /developers/sdk-conventions/core-sdk-convention 301
/docs/references/sdk-convention/core-sdk-convention/ /developers/sdk-conventions/core-sdk-convention 301
/docs/references/sdk-convention/design-strategy /developers/sdk-conventions/design-strategy 301
/docs/references/sdk-convention/design-strategy/ /developers/sdk-conventions/design-strategy 301
/docs/references/sdk-convention/platform-sdk-convention /developers/sdk-conventions/platform-sdk-convention 301
/docs/references/sdk-convention/platform-sdk-convention/ /developers/sdk-conventions/platform-sdk-convention 301
/docs/references/tenants /logto-cloud/tenant-settings 301
/docs/references/tenants/ /logto-cloud/tenant-settings 301
/docs/references/tenants/#tenant-types /logto-cloud/tenant-settings#tenant-types-dev-vs-prod 301
/docs/references/tenants/#tenant-types/ /logto-cloud/tenant-settings#tenant-types-dev-vs-prod 301
/docs/references/tenant-type /logto-cloud/tenant-settings/#tenant-types-dev-vs-prod 301
/docs/references/tenant-type/ /logto-cloud/tenant-settings/#tenant-types-dev-vs-prod 301
/docs/references/translate-cli /logto-oss/translate-cli 301
/docs/references/translate-cli/ /logto-oss/translate-cli 301
/docs/references/tunnel-cli /customization/bring-your-ui/debug-and-test-your-custom-ui-locally 301
/docs/references/tunnel-cli/ /customization/bring-your-ui/debug-and-test-your-custom-ui-locally 301
/docs/references/tunnel-cli/deploy /customization/bring-your-ui/upload-custom-ui-assets-using-cli 301
/docs/references/tunnel-cli/deploy/ /customization/bring-your-ui/upload-custom-ui-assets-using-cli 301
/docs/references/users /user-management/user-data 301
/docs/references/users/ /user-management/user-data 301
/docs/references/users/custom-data /user-management/user-data#custom-data 301
/docs/references/users/custom-data/ /user-management/user-data#custom-data 301
/docs/references/users/social-identities /user-management/user-data#social-identities 301
/docs/references/users/social-identities/ /user-management/user-data#social-identities 301
/docs/references/using-cli/* /logto-oss/using-cli/:splat 301
/docs/tutorials/get-started /introduction 301
/docs/tutorials/get-started/ /introduction 301
/docs/tutorials/get-started/introduction /introduction 301
/docs/tutorials/get-started/introduction/ /introduction 301
/docs/tutorials/get-started/passwordless-sign-in-by-adding-connectors /connectors 301
/docs/tutorials/get-started/passwordless-sign-in-by-adding-connectors/ /connectors 301
/docs/tutorials/get-started/sign-in-experience /concepts/sign-in-experience 301
/docs/tutorials/get-started/sign-in-experience/ /concepts/sign-in-experience 301
/integrations/third-party-oidc /quick-starts/third-party-oidc 301
/integrations/third-party-oidc/ /quick-starts/third-party-oidc 301
/quick-start/java-spring-boot /quick-starts/java-spring-boot 301
/quick-start/java-spring-boot/ /quick-starts/java-spring-boot 301
/*/quick-start/java-spring-boot /:splat/quick-starts/java-spring-boot 301
/*/docs/tutorials/get-started /:splat/introduction 301
/*/docs/tutorials/get-started/ /:splat/introduction 301
/api https://openapi.logto.io 301
/api/ https://openapi.logto.io 301
/api/* https://openapi.logto.io 301
/sdk/* /quick-starts/:splat 301

# MARK: Authorization reorganization redirects (Jun/2025)
/authorization/api-resources/* /authorization/global-api-resources 301
/authorization/role-based-access-control/* /authorization/role-based-access-control 301
/authorization/organization-template/* /authorization/organization-template 301

# Make sure this in the last row as a fallback (since the order matters)
# See https://developers.cloudflare.com/pages/configuration/redirects/#per-file
/docs/* / 301
/blog/* https://blog.logto.io/:splat 301
